{"last_tab":"4","wr-logo-main":"st2","logopic":{"url":"http:\/\/webredox.net\/demo\/wp\/cooper\/demo8\/wp-content\/uploads\/2017\/01\/logo.png","id":"76","height":"156","width":"161","thumbnail":"http:\/\/webredox.net\/demo\/wp\/cooper\/demo8\/wp-content\/uploads\/2017\/01\/logo-150x150.png"},"logopic2":{"url":"http:\/\/webredox.net\/demo\/wp\/cooper\/demo8\/wp-content\/uploads\/2017\/01\/logo2.png","id":"77","height":"137","width":"208","thumbnail":"http:\/\/webredox.net\/demo\/wp\/cooper\/demo8\/wp-content\/uploads\/2017\/01\/logo2-150x137.png"},"wrlogotxt":"","wrlogotxt2":"","logo_padding":{"padding-top":"","padding-right":"","padding-bottom":"","padding-left":"","units":"px"},"error-page-bg-img":{"url":"http:\/\/webredox.net\/demo\/wp\/cooper\/demo8\/wp-content\/uploads\/2017\/01\/8-1.jpg","id":"102","height":"1281","width":"1920","thumbnail":"http:\/\/webredox.net\/demo\/wp\/cooper\/demo8\/wp-content\/uploads\/2017\/01\/8-1-150x150.jpg"},"error-page-title":"","error-page-subtitle":"","prf-project-date-title":"","prf-project-cat-title":"","prf-project-filter-all":"","portfolio-single-image":{"url":"","id":"","height":"","width":"","thumbnail":""},"portfolio-section-title":"","layout-blog-page":"default","blog-single-image":{"url":"http:\/\/webredox.net\/demo\/wp\/cooper\/demo8\/wp-content\/uploads\/2017\/01\/1.jpg","id":"32","height":"1080","width":"787","thumbnail":"http:\/\/webredox.net\/demo\/wp\/cooper\/demo8\/wp-content\/uploads\/2017\/01\/1-150x150.jpg"},"blog-section-title":"","blog-section-parallax-title-on-off":"yes","blog-section-parallax-title":"","header-search-box":"yes","blog-page-title-on-off":"yes","blog-page-title":"","blog-page-subtitle":"","blogauthorinfo":"yes","blog-posted-by":"","blog-read-more":"","arch-page-title":"","arch-page-sub-title":"","cat-page-title":"","cat-page-sub-title":"","tag-page-title":"","tag-page-sub-title":"","src-page-title":"","product-st":"st1","shopheaderimg":{"url":"http:\/\/webredox.net\/demo\/wp\/cooper\/demo8\/wp-content\/uploads\/2017\/01\/13.jpg","id":"129","height":"1200","width":"900","thumbnail":"http:\/\/webredox.net\/demo\/wp\/cooper\/demo8\/wp-content\/uploads\/2017\/01\/13-150x150.jpg"},"opt-theme-style":"","custom-css":"","typography-h1":{"font-family":"","font-options":"","google":"1","font-weight":"","font-style":"","subsets":"","text-align":"","font-size":"","line-height":"","color":""},"typography-h2":{"font-family":"","font-options":"","google":"1","font-weight":"","font-style":"","subsets":"","text-align":"","font-size":"","line-height":"","color":""},"typography-h3":{"font-family":"","font-options":"","google":"1","font-weight":"","font-style":"","subsets":"","text-align":"","font-size":"","line-height":"","color":""},"typography-h4":{"font-family":"","font-options":"","google":"1","font-weight":"","font-style":"","subsets":"","text-align":"","font-size":"","line-height":"","color":""},"typography-h5":{"font-family":"","font-options":"","google":"1","font-weight":"","font-style":"","subsets":"","text-align":"","font-size":"","line-height":"","color":""},"typography-h6":{"font-family":"","font-options":"","google":"1","font-weight":"","font-style":"","subsets":"","text-align":"","font-size":"","line-height":"","color":""},"typography-pgtl":{"font-family":"","font-options":"","google":"1","font-weight":"","font-style":"","subsets":"","text-align":"","font-size":"","line-height":"","color":""},"typography-pgsubtl":{"font-family":"","font-options":"","google":"1","font-weight":"","font-style":"","subsets":"","text-align":"","font-size":"","line-height":"","color":""},"typography-pgsectl":{"font-family":"","font-options":"","google":"1","font-weight":"","font-style":"","subsets":"","text-align":"","font-size":"","line-height":"","color":""},"typography-pgcontentl":{"font-family":"","font-options":"","google":"1","font-weight":"","font-style":"","subsets":"","text-align":"","font-size":"","line-height":"","color":""},"typography-bltl":{"font-family":"","font-options":"","google":"1","font-weight":"","font-style":"","subsets":"","text-align":"","font-size":"","line-height":"","color":""},"typography-blcon":{"font-family":"","font-options":"","google":"1","font-weight":"","font-style":"","subsets":"","text-align":"","font-size":"","line-height":"","color":""},"typography-lnurl":{"font-family":"","font-options":"","google":"1","font-weight":"","font-style":"","subsets":"","text-align":"","font-size":"","line-height":"","color":""},"typography-introbutton":{"font-family":"","font-options":"","google":"1","font-weight":"","font-style":"","subsets":"","text-align":"","font-size":"","line-height":"","color":""},"typography-prfdt":{"font-family":"","font-options":"","google":"1","font-weight":"","font-style":"","subsets":"","text-align":"","font-size":"","line-height":"","color":""},"typography-prfcon":{"font-family":"","font-options":"","google":"1","font-weight":"","font-style":"","subsets":"","text-align":"","font-size":"","line-height":"","color":""},"typography-mainmenu":{"font-family":"","font-options":"","google":"1","font-weight":"","font-style":"","subsets":"","text-align":"","font-size":"","line-height":"","color":""},"typography-homemenu":{"font-family":"","font-options":"","google":"1","font-weight":"","font-style":"","subsets":"","text-align":"","font-size":"","line-height":"","color":""},"typography-introtl":{"font-family":"","font-options":"","google":"1","font-weight":"","font-style":"","subsets":"","text-align":"","font-size":"","line-height":"","color":""},"typography-introsubtl":{"font-family":"","font-options":"","google":"1","font-weight":"","font-style":"","subsets":"","text-align":"","font-size":"","line-height":"","color":""},"typography-introcont":{"font-family":"","font-options":"","google":"1","font-weight":"","font-style":"","subsets":"","text-align":"","font-size":"","line-height":"","color":""},"typography-pgsdtl":{"font-family":"","font-options":"","google":"1","font-weight":"","font-style":"","subsets":"","text-align":"","font-size":"","line-height":"","color":""},"typography-pgsdtop":{"font-family":"","font-options":"","google":"1","font-weight":"","font-style":"","subsets":"","text-align":"","font-size":"","line-height":"","color":""},"nav-share":"yes","social-icon-site":"yes","footer-social":"yes","facebook":"https:\/\/www.facebook.com\/webRedox","twitter":"https:\/\/twitter.com\/webRedox","google-plus":"https:\/\/plus.google.com\/114758098200068619793\/","linkedin":"","instagram":"https:\/\/www.instagram.com\/webRedox","pinterest":"https:\/\/www.pinterest.com\/webRedox\/","youtube":"","vimeo":"","whatsapp":"","skype":"","dribbble":"","dropbox":"","github":"","email":"webredox@gmail.com","maploc":"40.7060895","maploc2":"-73.999053","userdata":"Our Office:- New York City","mapmarker":{"url":"http:\/\/webredox.net\/demo\/wp\/cooper\/demo8\/wp-content\/uploads\/2017\/01\/marker.png","id":"78","height":"40","width":"40","thumbnail":"http:\/\/webredox.net\/demo\/wp\/cooper\/demo8\/wp-content\/uploads\/2017\/01\/marker.png"},"back-to-top":"yes","back-to-top-title":"","copyright":"\u00a9 Cooper 2017 | All rights reserved.","redux-backup":"1"}